,text
0,@USAirways Waiting for my luggage on flight 1923. Is there a delay?
1,"@AmericanAir lost my cats, missed their flights, kept them crated 30 hrs for a  would-be 5 hr trip. You'll never touch my pets again."
2,@AmericanAir you need to work harder on the disconnect between your intention and the reality your passengers face
3,"@AmericanAir lost my cats, missed their flights, kept them crated 30 hrs for a  would-be 5 hr trip. You'll never touch my pets again."
4,"@AmericanAir 
Can you tell me what that means? I work and just need an estimated time of arrival please? I need my laptop for work. Thanks"
5,"@AmericanAir Yes, talked to them. FLL says is at central. Central says is at FLL and here we go again. I'm betting this will go 6 mths"
6,@AmericanAir I lost my (basket) ballbag on your plane
7,@AmericanAir I'm flying into DCA my bag is at IAD.  I am already Late Flight for my meetings at work.  I will call the number when I land üò≠
8,@AmericanAir face palm!!! Cannot believe the last 24 hrs 1.5 hrs of sleep and No and no and what you can't do......
9,@AmericanAir worst experience of my life avoid at all costs they will lose your belongings and have no humanity to even offer compensation
10,@AmericanAir terror story my luggage was delayed both ways on an international flight for over 5 days total #angrycustomer
11,"@AmericanAir You found my lost luggage, won't bring it to me until tomorrow. Next day if the weather isn't nicer. Terrible service"
12,"@AmericanAir thanks, but I had to hire a car in Chicago and drive to MKE. Does that mean I have to go to the airport?????"
13,@AmericanAir you flew me into Chi instead and I got a ride to MKE. U said my bags would go to MKE today. Is it on the Cancelled Flightled flight tho?
14,"@americanair Can you tell me where my luggage is? I was on flight 1644 SNA to DFW and my flight to MKE was Cancelled Flightled, so got rebooked to ORD"
15,@AmericanAir thanks for telling me my flight got Cancelled Flightled when it wasn't. Now I have a missing luggage because of you. Thanks fam!
16,@AmericanAir Still waiting news about my bags 48hrs already happened and this company don't give to the passengers any certain information
17,"@AmericanAir @derekc21 , I leave Jaipur tomorrow , back to Dehli , Only in Delhi  one night .  we need to  use our abilities to make magic ."
18,@AmericanAir thanks for reFlight Booking Problems me on a flight and then leaving my luggage in NYC. Unbelievable.
19,@AmericanAir what sense is it to charge for a bag service when the service isn't great. Losing luggage and now missing items this is bs
20,".@AmericanAir @USAirways Add insult to injury you guys ""misplaced"" my bag. 

Can't believe you have to pay money to be treated this poorly."
21,"@AmericanAir I am running out of battery you have my chargers,clothes,coat,contact lenses, need to be in mtg tom need help #pathetic service"
22,"@AmericanAir lies,lies,lies.  Worst travel experience of my life. Day 2 no clothes on vaca.  #lostluggage #unprofessional #pit #mia"
23,@AmericanAir lost @LeslieWolfson luggage on flight yesterday morning #Miami to #NewYork #LGA no response and no luggage more than 37 hrs ltr
24,@AmericanAir my understanding is they were able and did for many other flights but chose not to for this one.
25,@AmericanAir delta rerouted 6 of my bags onto aa977 MIA-CUR. How can I see if they made it onto the flight?
26,"@AmericanAir ""We'll drop off your luggage 24 hours after your flight"" is ridiculous."
27,"@AmericanAir You should be more timely with bags that missed a flight, people need their undies the next morning!"
28,"@AmericanAir  To add, I have to get up to go to work tomorrow am.  I don't like having to wait up until 12 or Late Flightr.  CS sucks."
29,@AmericanAir  You can't get us to Cincy but our luggage will still go there tonight? Stranded us in Dallas for 2 days w/o clothes? #Yousuck
30,"@AmericanAir one of my luggage didn't made it onto my flight, hope it really gets here tomorrow, as I was told üòìüò≠"
31,@AmericanAir Still waiting on bags from flight 1613/2440 yesterday  First Class passenger not happy with your service.
32,@USAirways 2.5 hours Late Flightr and the flight has been Cancelled Flightled. You gotta work on your internal communication skills.
33,"@USAirways had a horrible experience flying from Montego Bay to Philadelphia on 2/11. $125 2check a golf bag, constant selling in-flight"
34,@USAirways @AmericanAir  we are on us/aa flight 4443.We  arrived at dca at 2:12. Waiting on our gate (33)for apx an hr now. No update?
35,"@usairways you made us miss our flight, first class now I can't even enter the admirals club.  Not happy  dm me to fix this."
36,"@USAirways can you please DM me, my flight has been delayed going into CLT which will force me to miss my connection to LGA at 10:05pm"
37,@USAirways how is your gate agent gonna tell me my flight is on time when its 5 minutes past departure time and the previous flights plane..
38,"@usairways and @AmericanAir  4 days of Cancelled Flightations, I have driven to 3 airports in 3 different states, spent more on gas than my flight."
39,@USAirways Travelling from pwm to atl on Sunday That flight got Cancelled Flightled and my new flight is Cancelled Flightled and got disconnected when reFlight Booking Problems
40,@USAirways missing my reservations due to a Cancelled Flightled flight. Make it right by giving me first class tomorrow. Make your customers happy.
41,@USAirways any tips on getting a hotel that your airline won't get for any of us even though we were told that we'd make our flight?
42,@USAirways Just contaced EYEWITNESS NEWS about the ripoff the Cancelled Flighted now they want me to pay
43,"@USAirways They charged me for a flight they Cancelled Flightled, unbelievable and unheard of"
44,"@USAirways Flight 2069 from JFK to Charlotte, then 3750 from Charlotte to Birmingham. 2 previous flights to HSV were Cancelled Flightled."
45,@USAirways no we haven't because we've been in the same line at the service desk for an 1hr and 1/2 now in the same spot.
46,@USAirways I got up at 2 am for a 5 am flight from bos to Charlotte which I found was Cancelled Flightled once I got to the gate (1)
47,@USAirways How soon is possible? I boarded the plane the 1st time at 6:30 am and it is now after 11:30 am and I'm still where I started.
48,@USAirways @AmericanAir you make Spirit look like the gem of air travel. You haven't handle this winter storm very well...
49,. @USAirways It's been Cancelled Flighted. Your SM response is slow.
50,@USAirways great job today In ruining 45 people's vacation. Thanks to your incompetent pilot and staff we have all now missed our flights
51,@USAirways your service has been awful in Boston and I had to pay 25 extra dollars than I was supposed too I am very dissatisfied #mad
52,"@AmericanAir I slept in the miami airport due to mechanical issues and was given 10,000 bonus miles to try and make it right. #slapintheface"
53,@AmericanAir your planes made me miss 2 connections in 2 days. Thanks for nothing
54,@AmericanAir thx for responding. I cant watch 2 mins of this film w/out it cutting in and out 4 prolonged prds of time. beyond frustrating
55,@AmericanAir r u serious?? 304min #delay with #AmericanAirlines #AA2444 #ohio - #dallas missed my connecting flight http://t.co/DNMsblzumr
56,"@AmericanAir You are jumping the gun and Cancelled Flighting flights that could've made it before the snow. Now, more Cancelled Flightlations. It's ridiculous."
57,"@AmericanAir if by near the gate you mean sitting on the plane for almost 2 hours, then yeah."
58,@AmericanAir that's 16+ extra hours of travel time. Missed vacation time and now you guys are messing with my professional life.
59,@AmericanAir narrowly made standby...lots of snags this trip!
60,"@AmericanAir i ordered it as i always do. But on a 9hour flight delayed for 4 hours, it was worse than ever before when you forgot my meal."
61,@AmericanAir I need a flight out tonight. Isn't there anything else?
62,@AmericanAir cost me over 200 dollars because flight was Cancelled Flightled and couldn't even give me a food comp!! Fly @JetBlue @Delta they take
63,@AmericanAir they will just say dumb things to beat around the bush ! If you're flight Cancelled Flightled be prepared for no compassion from them
64,@AmericanAir AND they Cancelled Flighted my flight and left me with no help to find a hotel to stay in. I slept in an airport for a night-_-
65,"@AmericanAir flight 1181 out of Vegas to DFW. Cancelled Flightled Sunday and Monday, no whammie today!"
66,@AmericanAir my flight 386 from Jacksonville fl to Dallas is showing Cancelled Flightled. What is going on?  Am I rebooked on another flight?
67,@AmericanAir my flight 386 to Dallas from Jacksonville fl has been Cancelled Flightled. No one has notified me. What's going on?
68,"@AmericanAir flight 65 delayed over 4 hours on 2/22, had no GF meals despite my early request, attendant seat fell on my leg #badservice"
69,"@AmericanAir Right. But more than two hours Late Flight, and it seems due to poor communication, which sounded like it was annoying on-plane staff"
70,@AmericanAir You Cancelled Flight my flight and there‚Äôs no way to rebook on the website or app? I have to wait 35 minutes on hold? #fail cc @Delta
71,@AmericanAir I understand. But why is this the only flight of the day not going out? Twice?! I'm now out of extra meds and diapers for baby.
72,@AmericanAir over the last year 50% of my flights have been delayed or Cancelled Flightled.  I'm done with you.
73,"@AmericanAir sorry so Late Flight, responded to your DM."
74,"@AmericanAir Believe me, I understand. Flight #2955. Was originally booked for Sunday. Flight was Cancelled Flighted and rescheduled for today."
75,@AmericanAir Mold on my flight?!? US3825 #filthyplane #hopeidonotgetsick http://t.co/zIK2UoXGnW
76,"@AmericanAir I slept in the miami airport due to mechanical issues and was given 10,000 bonus miles to try and make it right. #slapintheface"
77,@AmericanAir your planes made me miss 2 connections in 2 days. Thanks for nothing
78,@AmericanAir I purchased Main Cabin XT for f-1571AUS. Flight was Cancelled Flightled and I was rescheduled on 1600 with regular seats. Credit?
79,@AmericanAir thx for responding. I cant watch 2 mins of this film w/out it cutting in and out 4 prolonged prds of time. beyond frustrating
80,@AmericanAir r u serious?? 304min #delay with #AmericanAirlines #AA2444 #ohio - #dallas missed my connecting flight http://t.co/DNMsblzumr
81,"@AmericanAir You are jumping the gun and Cancelled Flighting flights that could've made it before the snow. Now, more Cancelled Flightlations. It's ridiculous."
82,"@AmericanAir if by near the gate you mean sitting on the plane for almost 2 hours, then yeah."
83,@AmericanAir that's 16+ extra hours of travel time. Missed vacation time and now you guys are messing with my professional life.
84,@AmericanAir narrowly made standby...lots of snags this trip!
85,"@AmericanAir i ordered it as i always do. But on a 9hour flight delayed for 4 hours, it was worse than ever before when you forgot my meal."
86,@AmericanAir I need a flight out tonight. Isn't there anything else?
87,@AmericanAir cost me over 200 dollars because flight was Cancelled Flightled and couldn't even give me a food comp!! Fly @JetBlue @Delta they take
88,@AmericanAir they will just say dumb things to beat around the bush ! If you're flight Cancelled Flightled be prepared for no compassion from them
89,"@AmericanAir continues to win: I've never missed a flight before, but a nice little quiet gate change made it possible. Sheesh."
90,@AmericanAir AND they Cancelled Flighted my flight and left me with no help to find a hotel to stay in. I slept in an airport for a night-_-
91,"@AmericanAir flight 1181 out of Vegas to DFW. Cancelled Flightled Sunday and Monday, no whammie today!"
92,@AmericanAir my flight 386 from Jacksonville fl to Dallas is showing Cancelled Flightled. What is going on?  Am I rebooked on another flight?
93,@AmericanAir my flight 386 to Dallas from Jacksonville fl has been Cancelled Flightled. No one has notified me. What's going on?
94,"@AmericanAir flight 65 delayed over 4 hours on 2/22, had no GF meals despite my early request, attendant seat fell on my leg #badservice"
95,"@AmericanAir Right. But more than two hours Late Flight, and it seems due to poor communication, which sounded like it was annoying on-plane staff"
96,@AmericanAir None of the #LAX flights into #DFW have been Cancelled Flightled. Those landing before and after ours are fine. Completely arbitrary.
97,@AmericanAir You Cancelled Flight my flight and there‚Äôs no way to rebook on the website or app? I have to wait 35 minutes on hold? #fail cc @Delta
98,@AmericanAir 4th flight rebooked to is NOT Cancelled Flighted! Woo-hoo. Going to make it to @LaGuardiaAir
99,@AmericanAir my flight to DFW from LIT on my way to PDX tomorrow was Cancelled Flighted. Can you help me?
100,@AmericanAir I understand. But why is this the only flight of the day not going out? Twice?! I'm now out of extra meds and diapers for baby.
101,"@AmericanAir why did flight 1636 get Cancelled Flightled? Waiting for a rep to rebook, but wondering if there will be other issues getting out."
102,"@AmericanAir if my flight gets Cancelled Flightled i should be able to reschedule to any date i want, not the next day or 2 days after"
103,@AmericanAir Any reason why my 1463 flight to Chicago is boarding and I still don't have a seat assignment? Seriously?
104,@AmericanAir Flight 2559 it's been delayed every hour since 8:55 am.
105,@AmericanAir Can't unload flight #3322 because jetway is broken.  #steps #planB? #waiting nearly an hour
106,@AmericanAir The flight was delayed 5 times. Spent almost 40min on the tarmac. I'll reconsider my future flight options.
107,@AmericanAir Waiting an hour now for a pilot AA3688. Is there a pilot in the house at DFW?
108,@AmericanAir The pilot admitted to us that this delay is entirely because of AA incompetence and poor equip checks.
109,@AmericanAir Yes I am. 2495/1170. RNO departure at 1229 on 2/25 w/connection at DFW to LGA. I can do the 1120am to LAX and then to JFK
110,@AmericanAir How are you going to compensate all of whose days/plans have been ruined because of the AA3490 delay/pending Cancelled Flightlation?
111,@AmericanAir DM me and I can explain the whole story. I should have been on an earlier flight not US1937
112,"@AmericanAir once again flying AA4285, once again 60+ min delay because of mechanical issues. Perhaps you should consider maintenance?"
113,@AmericanAir when the pilot announces that the plane has been unused for 2 days and maintenance is dealing with another aircraft..
114,"‚Äú@AmericanAir: @Dumas2TTG Good morning, Tamara. We'll try to get you comfortably on a flight as soon as we can.‚Äù#NoXTraLegRoom #NoCoatCloset"
115,@AmericanAir  zoom in on the sauce and potatoes.  This stuff is vile.  And I mean vile. http://t.co/m2PHoavRxC
116,@AmericanAir - 6 months ago best catering out of all domestic airlines. Today. Worst on the planet. And I've flown almost all of them
117,@AmericanAir @superyan I did not get any compensation after Cancelled Flighting my departure TWICE and made me missed my own wedding.
118,@AmericanAir your cabin 'thank you' message reminds people about having choices when they fly. I will be choosing another airline next time.
119,@AmericanAir Delayed: AA3186 - Missed due to delay: AA3186 - New flight now delayed: AA2401
120,@AmericanAir so great AA1103 sitting for an hour first technical problems now what?
121,"@AmericanAir too Late Flight now. Boarded, exit rows taken. Could not have gotten worse. Guy next 2 me should've bought 2 seats. #miserablemorning"
122,@AmericanAir you Cancelled Flight both flights yesterday and rebook me in middle seat. Not acceptable. Upgrade to emergency row would help. #nothappy
123,@AmericanAir is it right to provide faulty seats on flights plus damage a $350 bag and not replace and shrug the damage off? Flights from...
124,"@AmericanAir machines are broken, lines are out the door for self service, cust. Support, and bag check in."
125,@AmericanAir Thank you for the acknowledgement. The IFE didn't work all that well anyway so maybe time to upgrade to lower profile system.
126,"@AmericanAir just went to check into flight 24 hr advance, again husband and I are seated separately for 6hr flight! why does this happen??"
127,@AmericanAir or at the very least an explanation on why no one told me my flight was Cancelled Flightled!
128,@AmericanAir I was rebooked on a flight that was too Late Flight for my connection!
129,@AmericanAir over the last year 50% of my flights have been delayed or Cancelled Flightled.  I'm done with you.
130,@AmericanAir WORST SERVICE EVER!! Delayed flights for more than 5 hours plus you missed my bag! And your employees are rude üò°üò°
131,@AmericanAir my flight was Cancelled Flightled I called they said they'd call back in 1:36. They did And hung up now saying I have to wait 2 hrs!!
132,@AmericanAir Cancelled Flightled flight from fresno then rebooked for LAX now flight Cancelled Flightled again and its midnight with no more hotel available???
133,"@AmericanAir you guys Cancelled Flightled my flight for today and booked me for tomorrow, so unfortunately i have rebooked. Thanks"
134,"@AmericanAir after running from one flight, because we had 10 mins, to our next flight, we then sat on our plane for an hour."
135,"@AmericanAir 2284, four hours Late Flightrs and we are finally flying out...too bad I missed my event"
136,"@AmericanAir If SNA curfew causes diversion, do you provide transportation from LAX? On AA1237 now, pilot not sure if we have time."
137,@AmericanAir  it's not cool that my flight was Cancelled Flightled after sitting on the plane for over an hour. üëéüò°‚úàÔ∏è #notahappycustomer #leavingtomm
138,@AmericanAir were stuck on a plane in Dallas that's supposed to be going to Okc. There's an issue w/ the plane. Any idea on how much longer?
139,@AmericanAir there are no more flights via united when I arrive to DFW and my car is parked at IAH üòÅ
140,@AmericanAir the last was 2339 dfw to ord. Not weather reLate Flightd... Austin leg delayed as well
141,@AmericanAir you have Cancelled Flightled my flights because of my last name. Do the right thing and reinstate my tickets
142,@americanair flight veers off icy runway at @dfwairport. Most DFW flights Cancelled Flighted Mon http://t.co/Q37pOWn6uv @Cowboycerrone figures right?
143,"@AmericanAir $600 Late Flightr, 2 complete itinerary changes, and lost work and time, but yeah ""I"" got it rebooked"
144,"@americanair flight veers off icy runway at @dfwairport. Most DFW flights Cancelled Flighted Monday, Flightaware says. http://t.co/atwyiFh6Zy"
145,@AmericanAir My sister just received a call that her trip Wednesday (flts 2348/3499) was Cancelled Flightled and resched to next day. Why?
146,@AmericanAir Late Flight again geez flt2417 #Late Flight #delays #typical
147,@AmericanAir what is going on with the flight 2417? It has been delay a lot .
148,@AmericanAir Best planes in the business. NOT? AA5411 today. http://t.co/I7Vdi9WqSF
149,@AmericanAir @louprice13 @aacustomerservice. Apology not good enough. 4 planes with mechanical and 9 hours delayed unacceptable.
150,@AmericanAir Cancelled Flight my flight saying it is cause of weather condition when it was the only flight that was Cancelled Flight
151,@AmericanAir Again you guys are a huge joke and Cancelled Flight your flight for no reason. This is the 3rd time in one trip for me that you have
152,"@AmericanAir seriously, all flights from Detroit to Dallas are Cancelled Flightled 2 days in a row. I want to get home &amp; see my wife &amp; kids."
153,@AmericanAir of delays and trapped on planes with no water or air. Never ever ever again. #neveragain #aafail
154,@AmericanAir thanks for making this the worst flying experience ever. 4 different planes of mechanical issues and 12 hours and counting
155,@AmericanAir 4369. about 4 flights all using same gate w/buses to the planes.  Awful boarding process. Hour and a half Late Flight
156,"@AmericanAir obviously we did see an agent-booked us for tomorrow morning. No hotel, no transportation. #pregnantwithtwins #stranded #angry"
157,@AmericanAir if it I have not rebooked didn't get notified that it was Cancelled Flightled
158,"Without notifying though? ‚Äú@AmericanAir: @krescate We don't like Cancelled Flightling flights, Kim, but weather has not played nice with us."""
159,@AmericanAir #customerservice. Sitting on my fourth plane today with a mechanical problem. No excuses for this. Tough to be loyal.
160,"@AmericanAir @americanairlines #BQONPA flight #1641 delayed from POS-MIA, missed #2214 MIA- ATL need seat on last flight to ATL."
161,@AmericanAir thanks for a Cancelled Flightled flight then a delayed flight and NOT telling us More missed work More $ on hotel #WorstCustomerService
162,@AmericanAir Flight 3487 delayed 1 hour because of pilots? I spend 5+ hours on the phone just to get an EP agent on the phone now this?
163,@AmericanAir has no idea what they're doing. Delay 1 flight from 5pm to 7:40pm then delay another TO THE SAME DESTINATION  @ THE SAME TIME.
164,@AmericanAir u didn't give an answer why the flight delayed so long. and how do u compensate missing my other flights Lima to Cuzco??
165,@AmericanAir for our delays !!! I'm out of more money because of you
166,@AmericanAir Cancelled Flightled two flights from Miami to Nashville yesterday and could not get me on a flight for 3-4 days. #Southwestairwasthere
167,@AmericanAir now a delay to the rebooked flight?!
168,"@AmericanAir that's the one. My original arrival time was 10:14am, after all said and done I may be there by 9:19pm central. Not impressed."
169,@AmericanAir My flight 1389 from Las Vegas to DFW was Cancelled Flightled! I've been on hold forever and I still have not spoken to anyone! Pls Help
170,@AmericanAir this is a big company should be happy to do something for a customer when now it's costing more for delays oh and did I mention
171,Well @AmericanAir we won't be flying you. Rebooked on Jetblue. With credits (that actually work) it was free!
172,@AmericanAir stuck at gate Miami to JFK flight 1510. Are we going to get out of here tonight? Very frustrating
173,@AmericanAir how is US4623 going to be on time when they are still deplaning at 4:08? This is BS.
174,@AmericanAir I guess it is more BS AirportCardio given you cannot have an on time flight
175,"@AmericanAir my wife was on a flt from BRO to TUL via DFW that was Cancelled Flighted. Bought an SWA flight to get her home. Partial refund,DM me plz?"
176,@AmericanAir thanks - I miss my dog and this delay is costing me a lot of money.
177,"@AmericanAir for tomorrow some sites show flight 1642 from ewr Cancelled Flightled, is it?"
178,@AmericanAir most disgusting chicken entree I've ever seen.  Your standards have seriously nosedived. #NewAmerican http://t.co/56eSsfOOwt
179,@AmericanAir finally at final destination but not w/o extra significant travel expenses &amp; missed work. How can you resolve this experience?
180,@AmericanAir Not true!! Stop making excuses! You either overbook or have crappy planes!
181,@AmericanAir my wife is stuck in #Brownsville any chance she can get any flight out? She needs to be at work tomorrow morning.
182,"@AmericanAir Miami-PhL flight Cancelled Flightled just as I got to the gate. No one from AA around, no one on the phone. Awful awful awful."
183,"@AmericanAir AA1675 flight out of Jamaica was Cancelled Flightled yesterday due to ""weather"", while other flights were still landing at DFW"
184,@AmericanAir hi there flight from Dallas just Cancelled Flightled going to LA. Can u pls help rebook me?
185,@AmericanAir 2nd time in 4 days that my flight has been delayed and my gate agent hasn't said anything! Thanks for the memories. #NeverAgain
186,@AmericanAir our flight AA 1338 is delayed out of Providenciales and will be missing our connection AA 1651 in Miami to SEA. Who do we call?
187,"@AmericanAir flt 703, sorry scheduled at 545, phl-mia, a totally chaotic, poorly addressed event.  Sent to three gates in the night"
188,"@AmericanAir Heard back at 7:30 am today, was put on flight tomorrow AM, arriving home at 4 pm. Meaning I'd have to take a 2nd day off work."
189,@AmericanAir You lost a customer today. Flight today was Cancelled Flightled and I had to find out by calling customer service yesterday.
190,@AmericanAir it's GTSVYB. It says it's Cancelled Flightled when I try to check.
191,@AmericanAir are flights leaving Dallas right now? In Maui trying to figure out how delayed flight 7 is going to be
192,"@AmericanAir On hold since 5am. When no one can get to the airport, Cancelled Flight flight, don't make us pay huge fee to change flight."
193,@AmericanAir 249 EWR - DFW is now stopping BNA to refuel 4 bad weather? Are YOU just trying to get the plane closer 2 DFW then Cancelled Flight on us?
194,@AmericanAir your team rebooked my Cancelled Flightled AA flight on a different airline. New airline has no such Flight Booking Problems. Flight is this evening.
195,@AmericanAir served the nastiest food Ive ever seen yesterday.Rubber chicken in slime. The ENTIRE cabin sent their food back.FAs can confirm
196,@americanair 30 minutes since landing - flight 1531 from Miami and no luggage- what's the delay
197,"@AmericanAir 45min wait to get de-iced in Tulsa.Not good service.Looks like everyone will miss connections, not due to weather. Fight is on"
198,@AmericanAir my flight 1337 is Cancelled Flightled.  Can you let me know what my new flight info is?
199,@AmericanAir ...why would you sell seats for a 7 hour flight with half of the legroom occupied by an escape raft? http://t.co/DTHEyOFXrB
200,@AmericanAir My flight through Dallas was Cancelled Flightled and I talked to reservations agent and got a new flight but have not received an email
201,@AmericanAir #last #flight #ever on #AA. You botched this weather delay to the point of absurdity. I'd pay more to fly @Delta
202,@AmericanAir now the second flight I was put on was Cancelled Flightled with no explanation!! Missed my first meeting!!#outragedüò°üò°
203,@AmericanAir We've 15 official complaints signed by #AmericanAirlines Lima supervisor. Customer Relations pls compensate 4 the 10-hour delay
204,@AmericanAir flight home Cancelled Flightled today.  Any way we can get another flight to NYC from Texas? 4 hour wait for a call back from airline
205,"@AmericanAir I was flying today to MTY Mex at 9:30am but still appear Cancelled Flight, Where can i talk for another flight?"
206,"@AmericanAir Retrain in Customer Service first, make proper adjustments when Cancelled Flightling flights. Own up to your Mistakes."
207,"@AmericanAir no vouchers 4 Cancelled Flighted flight due 2 weather. Today's issue, broken tire. No vouchers cause tire was broken by weather. #nomoAA"
208,@AmericanAir worst airline! You Cancelled Flight our flight and don't even let us know even though we are traveling with children.
209,@AmericanAir: my brother's flight into DFW was Cancelled Flightled yesterday. Are you flying from ONT to DFW today?
210,@AmericanAir my flight to San Angelo via Dallas from Orlando Cancelled Flighted help! On hold and disconnect
211,@AmericanAir why are there only 2 agents at domestic check in at MIA?! WTF? Huge lines and many people with Cancelled Flightled flights.
212,@AmericanAir I was told I had a 20minute wait time after waiting hours. And an hour has gone by. This is ridiculous
213,"@AmericanAir has the worst flights and customer service, this is the second time I've been Cancelled Flighted. Gotta pay for hotel and find rides now."
214,"@AmericanAir as of now, will do my best to never fly w/ #AmericanAirlines ever again. Y'all have made this a day to remember."
215,@AmericanAir Thanks for the response.Tough night for all involved. Our flight got Cancelled Flightled as we started taxiing down the runway.
216,@AmericanAir what response? Is our flight out of Montrose Cancelled Flightled or not?
217,@AmericanAir Cancelled Flighting my flight today because of weather in Dallas without being charged?
218,@AmericanAir flight delayed 3 times today due to flight officer. 4333 from pit to ord. 5 hour delay to date. #bademployeeproblem?
219,@AmericanAir My boyfriend was supposed to be home Saturday but his flight from DC was Cancelled Flightled yet again. Please get him home!
220,@AmericanAir I tried that &amp; they have been disrespectful not professional &amp; my 2nd flight been Cancelled Flighted I have to get home for a surgeryHELP
221,@AmericanAir got off the phone w/ rep now flight has disappeared. Locator IRRLCD she said I was rescheduled. Help please.
222,"@AmericanAir I've been in line for over half hour trying to see a representative, now I might even miss the next flight too, unacceptable"
223,"@AmericanAir  when do you anticipate decisions for Cancelled Flightlations at DFW tomorrow morning? Need to rearrange hotel reservations, etc. ASAP!"
224,@AmericanAir @USAirways outbound flight: 2 hour delay b/c air traffic &amp; 2 gate changes dividend miles member gets no email or text updates
225,@AmericanAir record locator oaaret got email we couldn't be rebooked but got no notification flight was Cancelled Flightled
226,@AmericanAir @RLDelahunty record l#oaaret got email we couldn't get rescheduled on another flight but don't know if flight is Cancelled Flightled
227,"@AmericanAir Cancelled Flighted flights, now I'm rerouted and have over 12 hrs of travel but you will bump paying customers for non revs. #custserv"
228,"@AmericanAir AA2334 Second week in a row delayed, due to mechanical issues. All the sleet outside and yet we're stuck changing a tire"
229,"@AmericanAir but you're not sorry enough to compensate for either the extended time or cost difference to an alternate direct flight, right?"
230,"@AmericanAir It's our honeymoon,I paid extra business. I was sitting next to my bride, you bumped me because of status. Disgusted"
231,"@AmericanAir you Cancelled Flightled my flight due to ""weather"" when others are flying out just fine.  No compensation, no resolution.  Incompetent."
232,@AmericanAir calling at 1am to tell me my flight has been rescheduled 12 hours Late Flightr than it was supposed be to seems like a bad solution
233,@AmericanAir this is the biggest joke of #customerservice I've ever seen from a  ‚úàÔ∏è brand http://t.co/XHSUUpHeZe
234,"@AmericanAir it would be awfully nice if you could send an alert when my flight is Cancelled Flighted. No text, no email, no love..."
235,@AmericanAir I do not need an apology. I need you to fix it in a competent manner.
236,"@AmericanAir my flight was Cancelled Flightled yesterday early afternoon, so why did you call me at 1230am and 230am to wake me up and tell me?!"
237,@AmericanAir why Cancelled Flight #1605 on 6/25 &amp; 6/28? Flights now 4 hrs longer &amp;  have layovers. Too Late Flight to find a reasonably priced alternative.
238,@AmericanAir my flight 1106 was Cancelled Flightled and I need to get back to Cleveland. What are my options?
239,"@AmericanAir Not good enough. No info communicated at any point - just silence. for hours as we sat. Oh, and then seat was broken. #worst"
240,@AmericanAir cannot provide us alternative flight until 36 hours Late Flightr ruining our trip! #Cancelled Flightled #angry #problems #ruined.
241,@AmericanAir Not very helpful if my flight is already Cancelled Flightled! What about reFlight Booking Problems? AA has my email and cell - yet no notifications.
242,@AmericanAir I would purchase it if I was there by choice but you guys Cancelled Flightled my flight and have me stuck at DFW for 7 hours!
243,"@AmericanAir My flight 1108 was Cancelled Flightled. I need to be rebooked, and I can't do it online and they aren't answering calls. Help!"
244,@AmericanAir Can I get some assistance? Flight Cancelled Flightled (today) from PHX to DFW. Not that I'm hating. But my job is concerned
245,@AmericanAir from a service rep but that hasn't happened yet. I'm honestly fed up and sick of this. No notice when my flight got Cancelled Flighted
246,@AmericanAir  help. Flight to Dallas was Cancelled Flightled this morning from cle. on hold for  3 hours. Need to be booked on next flight out.
247,@AmericanAir my flight 129 to dallas and 259 to SFO has been Cancelled Flighted and they can't get me on anything else until tomorrow. You won't put
248,"@AmericanAir , I was told my flights 2516 &amp; 2244 was Cancelled Flightled. But I don't seem to have any date/time changes. I've been waiting for a call"
249,@AmericanAir can you please help? you've now rebooked me incorrectly after flight was Cancelled Flightled. please fix my flt to Tuesday!!
250,@AmericanAir got call saying flight Cancelled Flightled but checked online and it isn't Cancelled Flightled. No where near bad weather. I have job interview
251,@AmericanAir all I want is to know what to do regarding my connecting flights since my 1st is Cancelled Flightled. Could you be of assistance?
252,"@AmericanAir not only did you Cancelled Flight our flight from JFK and delay us by 29 hours, you've now lost 2 of our bags. Worst airline ever."
253,@AmericanAir just want to thank you guys for the 27 hour delay for flight AA106 from JFK due to staff shortage and not weather‚úàÔ∏è
254,@AmericanAir you delayed me for 15 hours in Chicago and still managed to lose my bag! Really not happy
255,@AmericanAir Your rubbish at Social Media! In the air two hours Late Flight but that's better than being Cancelled Flightled!
256,"@AmericanAir LGA already by the time we pulled from the flight. QQBMUG. feel free to look up how many flights we've been ""reticketed"" on."
257,@AmericanAir I was just called abt my flight Cancelled Flightlation- a flight that was Cancelled Flightled at 10:30a Sunday. Two 4:00a calls are not okay.
258,@AmericanAir hey I got a call saying our flight was rescheduled but I can't get through to anyone to see if you're providing a hotel for the
259,"@AmericanAir flight 45 JFK-LAS. First the catering was Late Flight, the. No push back crew. 2hrs delay."
260,@AmericanAir Flight Cancelled Flighted 2nd time. Can't reach agent to reschedule. Can you call me?
261,"@AmericanAir is terrible, my flights Cancelled Flighted and i've been on hold for the past 4 hours. Never again."
262,@AmericanAir I certainly hope my LA /PBI on 25 th has a NEW plane . The seats on Feb 11 th flight ( in reverse) God awful
263,"@AmericanAir yes we did make it home. But by no means am I happy. I've always chosen AA as my 1st choice when flying, I'm rethinking that..."
264,@AmericanAir @robinreda that can be a stop over before Paris. You are an embarrassment
265,@AmericanAir just landed - 3hours Late Flight - and now we need to wait TWENTY MORE MINUTES for a gate!  I have patience but none for incompetence.
266,@AmericanAir flight Cancelled Flighted! I'm trying to get to #chicago. What are me and @justynmoro gonna do. #flying#flight#travel
267,@AmericanAir working over time tonight?  Got delayed 2 days .. In SJU .. Could be worse :)
268,@AmericanAir My connecting flight to DFW was Cancelled Flightled and need to get to IND tomorrow. Any way I can get this sorted out? Been holding 1h08
269,@AmericanAir my flight tomorrow is Cancelled Flighted you guys just keep letting me down
270,"@AmericanAir I'm beyond confused here. why would you offer an earlier flight?? when they Cancelled Flightled 2222, I asked for TUES. please fix!"
271,@AmericanAir my mom‚Äôs flight tomorrow Cancelled Flighted w/ no notice. Phone system said callback in 2 hours and it‚Äôs been 4. I need to go to bed!
272,@AmericanAir we will not be flying with you or US air again. The changes and Cancelled Flightations leading up to today's big finale is unacceptable.
273,@AmericanAir thanks for your apology but it's a bit Late Flight. Cancelled Flighting a flight more than 24 hrs in advance due to weather is ridiculous. We
274,@AmericanAir you Cancelled Flightled my flight tomorrow (without telling me) and I want to rebook-please help me book a new flight! What # can I call?
275,"@AmericanAir Worst airline. You Cancelled Flight flight, don't let me know, I wait on hold 30 mins, told to enter callback for middle of the night?!!"
276,@AmericanAir Flight #2390 delayed 14 hours!! No one at #AmericanAirlines counter can tell my husband that he will be on that flight! Help???
277,@AmericanAir now we are all stuck on the plane after landing because crew unable to figure it out
278,@AmericanAir Err 2 hour wait time for the Exec. Plat. line?
279,@AmericanAir Your agent sent our family on 3 diff planes to dfw that were as Late Flight due to delay as the Cancelled Flighted plane that started this #fail
280,@AmericanAir wasn't offered a flight out of PHL until TUESDAY so had to ask to be booked to Houston instead of Austin.
281,@AmericanAir Flight 4606 from MEM to DCA delayed 6 hours! Now holding breath while they keep me trapped 3 hours to de-ice. #scareair
282,"@AmericanAir flight from PHL to Austin Cancelled Flighted, headed to Houston, delayed, now have to pay to rent a car and drive 3 hrs to Austin"
283,"@AmericanAir I understand the weather issues. I don't understand how I was not notified of the Cancelled Flightlation, and had to realize it so Late Flight."
284,@AmericanAir when will tomorrow's flight Cancelled Flightlations at Dfw for AA flights be posted? We are on 2424 at 7am from LAX!
285,@AmericanAir first flight is Cancelled Flightled. Been on hold for 4 hours. Need information and getting none. Help?
286,@AmericanAir Get a new crystal ball. Cancelled Flight flights before weather hits to rebook me on flight during? Looking like 2 nights hotel on me.
287,@AmericanAir not anymore.
288,"@AmericanAir Hey you Cancelled Flightled my flight, and I can't get someone on the phone to rebook (2 hour wait minimum). Can I get some service?"
289,@AmericanAir to my destination. After waiting 2 hours and missing our second flight with them. Our #luggage made the flight though...
290,"@AmericanAir that 2 hr wait became a 4 hr one. And y'all claimed to have sent an email. Yeah, that never happened. #FlyDelta"
291,"@AmericanAir next time my flight's Cancelled Flightled, I'd appreciate SOME indication (email, text, carrier pigeon). App didn't even warn at check in"
292,.@AmericanAir Flight 654 Delayed / Flight 409 You sold my seat / flight 0671 strand me in PHX for three hours. Thanks for the memories üò°üò§üòñüò≤üò©
293,@AmericanAir found out my flight tomorrow was Cancelled Flightled &amp; got in the queue for a callback 3.5 hours ago‚Ä¶still nothing. Can I get rebooked??
294,@AmericanAir My flight tomorrow from SLC to DFW AA304 Cancelled Flighted. Can you help me get there?
295,"@AmericanAir i hope it takes you 6 hours to get home when it should take 20. my flight was Cancelled Flightled because they ""couldn't staff the plane"""
296,@AmericanAir @DuaneNClark  ever think about being prepared and bringing in more people? Does anyone have any business sense at AA?
297,@AmericanAir yes and the auto rebook confirmed an outbound that departs after the return flight.  # fire the software programmers
298,@AmericanAir Hey so I'm very disappointed with my time traveling with you! I've had the worst experience and both times the flight delayed!
299,"@AmericanAir I have been trying to speak with an agent the whole day about my Cancelled Flightled flight, what I can do?"
300,@AmericanAir Need to go frm TPA to MCI tmrw &amp; my connection thru DFW is Cancelled Flightled. Can u connect me thru a diff city? Been on hold for 2 hrs
301,@AmericanAir finally made it to chicago - 13 hours Late Flight.  Did get a $12 food voucher for my wait.about $1per/hr. Never again. Good bye.
302,@AmericanAir Now you've Cancelled Flightled my flight. First a priority ticket bumped and now this. You're losing customers. People are furious.
303,"@AmericanAir just Cancelled Flightled my 7 am flight tomorrow with out informing me at all today, then booked one in 2 days, and no customer service"
304,"@AmericanAir Thanks - I note some, but not all, flights are Cancelled Flightled - are only some aircraft/runways working out of DFW today/tomorrow?"
305,"@AmericanAir The delay is nothing but the personnel being so combative up to the point of saying ""what's the hury,  the plane is not leaving"
306,"@AmericanAir yeah, rebooked for tomorrow morning. But extremely disappointed to miss a wedding."
307,"@AmericanAir thanks for the call on my Cancelled Flightled flight, NOT!  Flight Booking Problems me for Tues no good weather caused me 2 leave early"
308,@AmericanAir can you tell me why all flights from XNA 2 DFW are Cancelled Flightled for tomorrow morning already?
309,@AmericanAir is the situation at JFK this evening is going to get better or worse ? Do not Cancelled Flight a flight like yesterday after 8h delayed
310,@AmericanAir several hrs Late Flight and 140 characters won't do it. Cheers though
311,"@AmericanAir my wife's flight is Cancelled Flightled, told to call. No one answers. How do we book a flight? Help us please"
312,@AmericanAir their flights into Buffalo as well -- You were the only flight Cancelled Flightled!!!
313,"@AmericanAir -- This is after you Cancelled Flightled our flight into Buffalo because of ""weather"" and lied to us and said other airlines Cancelled Flightled"
314,"@AmericanAir my flight from VCP to JFK was delayed and now it has been Cancelled Flighted, what should i do?"
315,@AmericanAir gotta be worse than @delta w/ on time departures.  I rushed back to terminal C for 8:25 flight but they haven't strtd boarding.
316,"@AmericanAir I didn't miss my flight.  American Airlines gave my ticket, as well as 6 other passengers tickets away. Not my fault."
317,"@AmericanAir I really want to get home. Tonight, preferably. Please stop delaying my plane üò¢üòïüò¶ #AmericanAirlines"
318,@AmericanAir you Cancelled Flightled my wife's flight and she has to call but your service won't even let us. Going on 7 hours now.
319,@AmericanAir approaching three hours sitting in the plane on the ground at DFW on #AmericanAirlines flight 3056 - Oscar performance
320,@AmericanAir AA 2258 why have you Cancelled Flightled our flight without courtesy of notifying us or alternatives?  Very poor.
321,@americanair anxious to see how you all care for customers you‚Äôve inconvenienced #Cancelled Flightledflight
322,@AmericanAir  flight from DFW to LIT tomorrow has been Cancelled Flightled.  What do I do next?  Pls advise.  #HELP
323,@AmericanAir my flight I have reserved for tomorrow has been Cancelled Flightled. Can I Cancelled Flight my reservation and get a full refund?
324,@AmericanAir at JFK flight to Boston delayed 20 min waiting for catering they are boarding flight to LAX waiting for over and hour WTF?
325,@AmericanAir Can you help with my Cancelled Flightled flight -- I'd like to book another flight...I've been on hold for 95 minutes and counting....
326,@AmericanAir thanks. Now my carry on that you guys insisted be checked at the gate is missing. Won't be here till Late Flight tomorrow morning.
327,@AmericanAir AA919 flight attendant freaks out and leaves aircraft as passengers react to a 24h delay and cattle treatment. Surreal!
328,@AmericanAir #flight293 was supposed to depart at 745 and at 815 we still have not boarded.
329,@AmericanAir Nice AA employee making skillful excuses about Late Flightness due to catering snafu... http://t.co/YPVPVdlTYs
330,@AmericanAir 24 hrs &amp; 2 cncld flights Late Flightr I've landed in PHL. Now 30 mins &amp; counting on tarmac waiting for gate. Pls do better than this.
331,"@AmericanAir Yeah, try harder. No catering truck in sight.  Can we just leave now w/o the food won't eat anyway?"
332,@AmericanAir unfriendly unhelpful agents. Unannounced gate changes. Delayed flight that we found out about by word of mouth
333,@AmericanAir finally about to take off! Thanks for the customer service by the g8 reps @ c17 @ CTL. Any idea what caused the system failure?
334,@AmericanAir AA 100 - good job overselling this flight. Delayed 90 minutes to deplane the overflow passengers' bags.
335,@AmericanAir I understand flight Cancelled Flightation but not being able to get through to change that flight for 6 hrs is not acceptable.
336,@AmericanAir My flight to @dfwairport was Cancelled Flightled. Mess ensued. Please thank the awesome Marcos (Concierge Key @ GRU) for sorting it out!
337,@AmericanAir not enough push crews for JFK = 1.5 he delay and counting....
338,@AmericanAir I cannot believe how long flight 759 PHI  is taking. I know it's US Airways but you own it. I would really like to get home.
339,@AmericanAir Same as yesterday's Cancelled Flighted flight. AA104. Your customer support is just awful!
340,@AmericanAir big surprise flight 2330 is delayed. Hopefully not for 6 hours like our flight here.  Thanks again for a sleepless night.
341,@AmericanAir Hi AA friends! My sis's flight AA362 DFW&gt;&gt;MKE was Cancelled Flighted due to weather. Any way you can help here? What are her options?
342,@AmericanAir all flights Cancelled Flighted tomorrow and that means I'm stranded at the airport for the night... wow.
343,@AmericanAir this is unbelievable and unacceptable. Flight #293. JFK. Everyone at the gate is upset as most of us have been here all day.
344,"@AmericanAir I made my flight but then still had no update emails when I landed, no info ever sent on that or second flight. Losing my biz."
345,@AmericanAir I still am not on a flight. Ive been here allll day and now we're not boarding because we're waiting for catering?
346,@AmericanAir my husband and 5 year old son stuck overnight in DC thanks to 7 crew members arguing over who was boarding the flight
347,@AmericanAir fight got Cancelled Flighted can u help me rebook a flight?  Call center is too busy to answer calls or even put me on hold #yuck
348,"@AmericanAir My baggage is lost, my flight Cancelled Flightled and i get no accommodations? Not even to another airline. At least one free hotel?"
349,@AmericanAir I've been on hold for about 3 and a half hours now. Thanks for Cancelled Flighting my flight and not notifying me.
350,"@AmericanAir here we go again #aa106 ""Plane not ready"". Are we going to find the crew run out of time again like last night #shortstaffed"
351,@AmericanAir any idea what's up with flight AA3181?
352,@AmericanAir sucks!! Teco teco #reclameaqui #TripAdvisor http://t.co/auGJsCmoLu
353,@AmericanAir ok so why is it Late Flight? And for that matter why was my flight 4491 Cancelled Flighted this morning? I've been in YYZ since 5 AM.
354,"@AmericanAir plane breaks, unloads the passengers, told to re enter to only come back off. Flight Cancelled Flightled, missed wedding. #badbusiness"
355,@AmericanAir - very upset with my hometown airline. Stuck in Den Flt Cancelled Flightled. Others here with me got new Flt info
356,@AmericanAir Trip cut 7 hrs short due to flight change/massive layovers/ no peanuts or crackers/ asked for H2O and received about 2oz.
357,@AmericanAir Flight's Cancelled Flightled. Website says to call phone number.Phone says to check online.  How am I supposed to get some help?
358,@AmericanAir delayed for two hours at ORD--&gt;CDG the one time I need to be there to catch a train... üòí
359,@AmericanAir Cancelled Flighted our flight and now are still delayed...NOT COOL.
360,"@AmericanAir long wait? I literally went shopping at 3 different centers, had lunch and prepared dinner. surprise, it's winter! staff better"
361,@AmericanAir is flight 2934 dfw to gsp going to be Cancelled Flightled tomorrow?
362,@AmericanAir - AA1344 Cancelled Flighted on 2.23 - rebooked on us air 623/544 on 2.24. Has to be a nonstop on 2.24 for us (2)?
363,@AmericanAir today's wait was a violation of #dot #passengerbillofrights http://t.co/GxvFumn3iZ
364,@AmericanAir flight 1019 I need 2 b on the first flight out frm MIA 2 TPA. I'm extremely irritated. I've been at this airport for 5.5 hrs.
365,@AmericanAir it wasn't ' disrupted' it was Cancelled Flightled. Airport agents were horrendous. Sharon was your saviour
366,@AmericanAir @Delta @JetBlue I am going to be stuck in Florida for 3 days because @SpiritAirlines wouldn't hold my connecting flight to LGA
367,@AmericanAir I want the flight I have on hold. I don't want a new flight.
368,@AmericanAir my travel for tomorrow was Cancelled Flightled and then stupidly rebooked for tomorrow! I can't get through to reservations!
369,@AmericanAir 1416 Cancelled Flightled? Can't get out for two days? No explanation?
370,@AmericanAir you cxl both my flights to/from DFW to CLL w/o notice then treat me like trash on the phone and offer no compensation? WTH?
371,@AmericanAir our flight was Cancelled Flightled and rebooked to United. You didn't give them accurate ticket number now we can't check in. #annoyed
372,"@AmericanAir 11 out of 11 delayed flights, you suck and getting worse"
373,@AmericanAir 2293 is the Cancelled Flightled one
374,"@AmericanAir Cancelled Flightled my flight, didn't notify me, and I can only rebook by phone, but can't get through to an agent. Epic. Fail."
375,"@AmericanAir complt incompetence on flt 295.Lav delay from a pln that lnded last nite, no internet and poor svc. Not what I expect from u."
376,@AmericanAir five times at last count
377,@AmericanAir as usual my next flight shows on time but it's suppose to leave in 5 minutes and hasn't boarded
378,"@AmericanAir has Cancelled Flighted their last 3 flight into SHV tonight &amp; all flights for tomorrow, Feb. 23, out of SHV and multiple flight into SHV."
379,@AmericanAir u Cancelled Flightled my flight for tomorrow and tell me to call reservations but then refuse to take my call!!!  #not cool #hateful
380,@AmericanAir u cant spell airline and I trusted you to get me home on time and safe you are the worst #gobankrupt http://t.co/aM9CuieWO4
381,@AmericanAir I changed my own flight to tonight. Why couldn't AA do that on my behalf instead of a flight tomorrow? Poor effort all around.
382,"@AmericanAir 3231DTW to LAG at 4:45. Flight Cancelled Flightled with no notice. Given a voucher to a dirty hotel, with no food vouchers or apology."
383,@AmericanAir most horrendous service ever !! On off two planes. Been in Phil for 10 hrs. Now captain can't get flight info to print? #wtf
384,".@AmericanAir: the best the agent could do is put me on a flight arriving tomorrow afternoon, with a six hour layover."
385,@AmericanAir why was my flight from Miami to Dallas Monday  rescheduled to Tuesday?
386,"@AmericanAir 1491 DEN -&gt; DFW. We don't want to be ticketed on a new flight, just refunded for our Cancelled Flighted flight."
387,@AmericanAir Worst airline ever. We have been stranded for 24 hours because of your 7 hour delay with flight 104 last night.
388,@AmericanAir my flight is Cancelled Flightled and we can only call in but you aren't accepting calls? How do I reschedule my flight?
389,@AmericanAir Jacquelyn at Charlotte just denied me compensation after #2251 was Cancelled Flighted due to plane malfunction well within your control
390,@AmericanAir two delayed flights today that weren't weather reLate Flightd. Keep up the good work!
391,"@AmericanAir two hours Late Flightr and still waiting for a callback. Need to reschedule flight 1027, hopefully to the Late Flightr one tomo not Cancelled Flighted"
392,"@AmericanAir Flt Cancelled Flighted, rescheduled to bad time. Tried 800# 3hrs. Website states can't do online=useless website. Help?"
393,"@AmericanAir redirect my flight without telling me, service is abysmal."
394,@AmericanAir 1st leg of my flight 2 nyc tomorrow has been Cancelled Flightled. if you make me hold for 2hrs i may miss my only chance back home!
395,"@AmericanAir Flight for tomorrow has already been Cancelled Flightled, what do I do now?"
396,"@AmericanAir Cancelled Flights my flight, doesn't send an email, text or call. Now I'm stranded in Louisville."
397,"@americanair hi, you Cancelled Flightled our flight back to the US and now won't take our call. What are we supposed to do?"
398,@AmericanAir @macario2 but you are Late Flight again!! Again and again! Where are the crew?
399,@AmericanAir flight was Cancelled Flightled can you guys help?
400,"@AmericanAir my itinerary was from EWR TO DALLAS to LA. You Cancelled Flightled my flight, you have my money, find a way to get me there from EWR"
401,@AmericanAir flight Cancelled Flighted out of LAX for tomorrow due to connection in DFW. Help please? we can go out of orange or burbank
402,"@AmericanAir flights been Cancelled Flightled, can't get through to the desk and nothing showing online under my reservation - what do I do?"
403,@AmericanAir  many have missed connections already b/c of delayed flight which will finally board soon
404,"@AmericanAir @BDinDallas The personal touch you're known for, AA. Other cool perks: blaming understaffing on weather. And 3 hr hold times."
405,@AmericanAir thanks for the response. I know it's not your fault... But Im in ORD in T5 and hungry if you want to stop by ‚úàÔ∏è‚úåÔ∏è
406,"@AmericanAir and how is this not a mechanical issue? All evidence points to the idea that it‚Äôs the ILS at CLL at fault, not the weather."
407,"@AmericanAir Not only was 5418 Late Flight, but we've been boarded and waiting for over 30min. WTF?"
408,@AmericanAir All flts to JFK Cancelled Flightled Thx to UR agent at SFO Im rebooked on UA. Didn't get name. She was awesome!  #twitterhug #shesaidrun
409,@AmericanAir But Eagle is always Late Flight
410,@AmericanAir half hour Late Flight leaving DFW...no attempt at an explanation
411,@AmericanAir I'm on flight 1027 tomorrow that got Cancelled Flightled. Need to find an alternative to get to Dallas. Please help.
412,"@AmericanAir 30 minutes flight from OKC and then make us wait, 30 minutes cause the gate isn't empty.  #epicfail #poorplanning"
413,@AmericanAir @Stone9956 Do you dislike delays when they're caused by YOUR crew forgetting to load bags &amp; lazy pilot wanting duty day to end?
414,@AmericanAir my flight out of TYR tomorrow was Cancelled Flighted due to weather. How long until a rebook?
415,@AmericanAir Has AA Flight 296 from San Antonio to Dallas been Cancelled Flighted?
416,@AmericanAir Cancelled Flights flights arbitrarily on same itinerary.  Weekend ruined for no good reason! No crew = missed Monday am mtg.
417,@AmericanAir my flight was Cancelled Flightled from Laguardia to Louisville Ky and i am  stuck at the airport. Do you guys compensate for this?
418,@AmericanAir I understand the weather issue but you can't expect passengers to wait 24 hours inside airports for whatever reason. Outrageous
419,@AmericanAir  ugh Dump us in dfw w/no luggage then Cancelled Flight our flight 3 more times. Sat arrival now Tue?
420,"@AmericanAir Cancelled Flights my flight, doesn't send an email, text or call. Then puts me on way earlier flight I might miss now. Thanks AA!"
421,@AmericanAir Flight 953 NYC-Buenos Aires has been delay since yesterday at 10PM. Is going to take off at 3.30PM now? Give us answers!
422,"@AmericanAir Flight Cancelled Flightled, can't go home until tomorrow. I could use dinner and a play, @AmericanAir! It's my first time in NYC."
423,"@AmericanAir my flight was Cancelled Flightled, leaving tomorrow morning. Auto rebooked for a Tuesday night flight but need to arrive Monday."
424,@AmericanAir your assistance has not been very helpful frustrating disappointing experience &amp; w/small children very inconvenient
425,@AmericanAir she sent you an email 2 customer service the night it happened ur response was basically 2 bad sorry how should she contact u.
426,"@AmericanAir @Rizzilient After days, I finally got the automated service to call me back but it hung on me! This is beyond ridicules.  help!"
427,@AmericanAir thanks to your attendant on flight for advising connect flight held.  Ran with kids and flight departed. Poor service at Miami
428,@AmericanAir still on hold. After you hung up on me the first time (another 45 minutes!) http://t.co/IMRLAu77iH
429,@AmericanAir customer service (if you can call it that) refunded my money
430,@AmericanAir needs an entire customer service overhaul @Delta would never treat its customers with anything less that A1 service
431,.@AmericanAir Advised GAs and pilot of my flight. Too bad no one took action.
432,"@AmericanAir I have been checking consistently, and called multiple times. As a loyal AA customer, I'm disappointed."
433,@AmericanAir Gabriela in Miami is a very rude employee.Working the MIA-LGA check In. She made experience unpleasant.  #customerexperience
434,"@AmericanAir I didn't want to Cancelled Flight, I wanted to take someone off and keep my price. Held at 402, at 10am today 440, now 530"
435,@AmericanAir it's not about the delay.  It's about the communication.
436,@AmericanAir @USAirways - I'm pregnant with twins and you're going to abandon me overnight in an airport? No hotel? When it's your fault?
437,@AmericanAir I need assistance reFlight Booking Problems a flight from dfw to lit
438,@AmericanAir after several miss communications I was able to get to ORD but I am not home yet and not sure I will get there due to her error
439,"@AmericanAir your DCA baggage claim employees should realize a please, a thank you and an apology can go a long way #customerservice #DCA"
440,"@AmericanAir every time I try to call, it tells me to try again Late Flightr and just hangs up."
441,@AmericanAir my bags were checked through to Cancelled Flightled flight 362. When will they arrive in MKE? Not much help from grnd staff. Havoc in DFW
442,@AmericanAir I've never had anything bad to say until now. No love for faithful customers.
443,"@AmericanAir has the worst flight change policy. No mercy, no sympathy, such a bummer when you can't go to funerals or see friends bc of it."
444,@AmericanAir thanks for being entirely unhelpful and wasting hours of my time today
445,@AmericanAir why are customer svc reps unable to handle calls. Is there a 24hrs Cancelled Flightlation policy? Booked yesterday need to Cancelled Flight
446,@AmericanAir I understand they're busy &amp; doing their best. My frustration is an automated call changing my flight w/o allowing me to talk
447,@AmericanAir bad weather happens but lack of preparation is inexcusable. Depending on good weather is not a good business model.
448,@AmericanAir he is at the Boston airport. There is a problem. The agents will not honor the voucher because one number is rubbed out.
449,@AmericanAir I still can't get through to change my flight. This is really important plz help!
450,@AmericanAir the worst first class boarding service I ever had.
451,@AmericanAir Another customer non service from you. If we waited for you to solve the problem we would miss the funeral. You suck!
452,"@AmericanAir while listening to a delay message on my phone, another delay message was coming in. Get your shit together!"
453,"@AmericanAir no. Booked seat in Dallas, live in Dallas. Real nice that your gate agent had exit row available told me they weren't available"
454,@AmericanAir Trying to get my flight changed through dallas. Calling your number just says thanks for calling and hangs up. Guess I'm stuck
455,"@AmericanAir your a LIAR, no precipitation all day, 47 degrees, don't pacify, you look like a fool.......thats the problem, admit you suck"
456,@AmericanAir 12 calls in the span of two days........none of which available to speak to someone.  You are un F-in believable.  worst ever
457,@AmericanAir @elwoodblues77 I'm sure he understands the rules but you guys just have zero customer service. Staff your damn counters!
458,".@AmericanAir after 50 minutes on hold, and another 30 minutes on the call yes. Going to be pushing it to get to the airport on time now"
459,@AmericanAir your seat assignment process when Flight Booking Problems is misleading. I'm not paying extra to select a seat.
460,@AmericanAir will not let me reuse my ticket.  Thus I have booked my vacation with Delta!  Never flying on American again......
461,@AmericanAir have been in call cue for 11 hours. No call yet. Wife in cue for 9 hours.  Got a call but was hung up on.
462,@AmericanAir I don't believe it's acceptable to have a ticket # changed after check in time &amp; not be notified. Apparently that's standard.
463,"@AmericanAir the original receipt lists my flight cost as $89ish, and doesn't reflect the use of a voucher"
464,@AmericanAir I had to purchase a ticket that I never would have had to buy had the flight not been Cancelled Flightled. Terrible customer service.
465,@AmericanAir Was told you could only refund me the cost of my original return flight (note: flight you had booked for me was more expensive)
466,@AmericanAir to realize your customer service leaves much to be desired and the folks handling the calls could care less...and it shows.
467,@AmericanAir will do on another airline that's more accommodating of its customers. Unable to simply change passengers with notice is simply
468,@AmericanAir I've been calling you for 3 straight days and no one picks up. Sure there are storms but there are also #customers Holler!
469,@AmericanAir Trying for 20 hrs to reach agent. Must make change that can't be done on web by 11:59 PST. Had to Cancelled Flight revs ystday.
470,@AmericanAir Your people on the phone can't see those? And to have it be over $800 difference. That's a poor process then...
471,@AmericanAir no standby line update online or on app either is troubling
472,"@AmericanAir No. Had to Cancelled Flight my trip. Instead of a $25 future trip voucher, a $25 drink coupon would've been better! #WakingInMemphis"
473,@AmericanAir really appreciate the great customer service... One of your service agents just hung up on me when asking legitimate questions
474,@AmericanAir How can I get a flight change while in the air? Delays causing a missed connection again. There is 1 seat for Late Flightr
475,@AmericanAir I think 2 weeks of waiting is more than enough time for you to contact me.  This is why you lose customers
476,"@AmericanAir Way to suck at customer service, Dallas is trapped in an ice storm but you didn't Cancelled Flight 7am flight &amp; been on hold all day."
477,@AmericanAir umm unexpected?? Unexpected meaning you guys didn't know you had a major staff shortage ??
478,"@AmericanAir is there something wrong with the website? no matter what flight I select, it says it's no longer available."
479,@AmericanAir you keep returning my call and hanging up when I answer? Help reFlight Booking Problems a flight!
480,"@AmericanAir 4hrs Late Flightr i get a call back, and immediately disconnected"
481,@AmericanAir  terrible response! How about someone picking up the phone and calling me...It is now 49 Hours with no luggage
482,"@AmericanAir in line at SFO. Customer service is rude, disorganized, and congested. Very dissapointing."
483,@AmericanAir HELP! Attempting to Cancelled Flight a flight but can't get thru 800 number. Call gets dropped when saying Agent. flight is 2/24.
484,@AmericanAir @EdPlotts don't bother trying to get anywhere with their customer service team either as take 2+ months and counting to reply
485,@AmericanAir @usairways who is the next stop after customer service.
486,"@AmericanAir Trying desperately to rebook my moms flight. Waited 10 hours for callback, got disconnected and they didn‚Äôt call back. #help"
487,@AmericanAir you can tweet but not call! You're like a bad boyfriend!
488,@AmericanAir literally just stopped allowing people to wait in line for customer service. Incredible. From worst to no customer service.
489,@AmericanAir Funny you should say that. I have been monitoring since January 1st. No change in availability. #fakeawards #LUVisbetter
490,@AmericanAir @justynmoro I totally agree.  You get the automatic phone attendent that goes NO WHERE and hangs up.  Lousy service!
491,@AmericanAir customer service is terrible.Been waiting 6 weeks for a reply to an email. Not helpful at all and keep brushing off problems!
492,@AmericanAir it's taken care of already. I've come to expect this level of horrible service from you time and time again
493,@americanair why am I not being given a callback option??! Why has this service been turned off?
494,"@AmericanAir Ok. We will probably Cancelled Flight our flights then, take a refund, and get home another way. Wednesday won't work for us."
495,@AmericanAir Trying  to Cancelled Flight fligt 2321 O'Hare to Dallas 12:17pm. High call volume no one answer. Online no confirmation. #thankU
496,@AmericanAir thx for showing me that your Twitter appreciates me more than your employees. Sure another airline would like my $1300 #nohotel
497,@AmericanAir @united we'll have time and they aren't doing a damn thing. I'm the guy in the winter hat and frowny face
498,"@AmericanAir By the time the 2 hrs passed before I got a call back, the ticket was more $$. It wasn't my fault yet I had to pay extra"
499,"@AmericanAir the customer service today is unsat, Flight cnx, not notified, called for 6 hours and the phone line does not even let me hold"
500,"@AmericanAir Howdy, having trouble getting rebooked after flight Cancelled Flightled. Can't get thru via phone and Web erroring out. Can you help?"
501,@AmericanAir Oh yea? That's it? C'mon buddy! Bring your special friend @united to the conversation - they seem to be doing NOTHING AT ALL
502,@AmericanAir thanks for the DM rescheduling. Unfortunately your operations process at LAX is chaos &amp; the reps refused to print the ticket
503,"@AmericanAir flight US1562 from RIC2DFW was Cancelled Flightled yesterday &amp; I was on hold w/ cust. service from 6-10pm EST...4 hours, no answer..."
504,@AmericanAir =UNAmerican Airlines just lies and poor customer services...
505,"@AmericanAir I had to pay extra $$ cos that flight was ""no longer available"" just because it wouldn't accept my US Card for a 1 way into NYC"
506,"@AmericanAir Supervisor M.Robinson just served a lot of attitude, Cancelled Flighted my flight out of spite, then put me back on on #crazybitch"
507,@AmericanAir the one at 11:30am? My app still shows it as on time!
508,@AmericanAir @andyellwood @delk lol. I was sure I'd wake up to more of a response than this half-thought auto tweet. hope you made it out.
509,@AmericanAir your call system is a fucking joke
510,@AmericanAir You moved us onto 6.55pm but there is availability on 1.50 and 3.30.   No answer on your phone. Have young children.  HELP!
511,@AmericanAir how do I redeem a travel voucher for a flight if I can't reach a travel agent by phone? My hold expires in 24 hours
512,@AmericanAir I've tried ten times now last night and this morning...how many times should I try? Have meetings to make tonight in ATX.
513,@AmericanAir #horriblecustomerservice # rudestaff # incompetentmanagers
514,@AmericanAir @Eleonora7 good luck I've been waiting a week
515,@AmericanAir I like the call back system. But thought you'd like to know it's not working well. I received three calls but there's no audio.
516,@AmericanAir But when becomes about get money from the passengers are very strict but don't have ANY feedback as a reward
517,@AmericanAir Your customer service sucks! You rep should not be yelling at a caller regarding the weather in DFW.  Hope you go bankrupt!
518,@AmericanAir requested a call back at 1am. My Cancelled Flighted flight through DFW shouldn't take this long to reroute. You're Customer Service lacks
519,@AmericanAir I can't get an operator after an hour's worth of calls to Cancelled Flight a delayed flight. Automated system doesn't go beyond message.
520,"@AmericanAir Stuck in Miami, and one of the worst customer experiences I have ever had. Will be sure to let everyone know about my time w/AA"
521,"@AmericanAir Its the ABC's of PR, let your customers have the most info possible. Might want to go brush up on the basics..."
522,last trip on @AmericanAir ... Poor customer service 3 trips in a row! @Delta here I come!
523,@AmericanAir stiiiil waiting. Please respond as my flight leaves in 2 1/2 hrs
524,"@AmericanAir Understood. Integration takes time, but no excuse for poor customer service"
525,@malhoit at least you got a response from @AmericanAir via Twitter. I went 0 for 2 yesterday.
526,@AmericanAir a confirmed flight. I'm so done! Thanks for nothing!
527,@AmericanAir no email no phone call no nothing. You've screwed with my flight and my family/Friends flights. You Cancelled Flighted reservations for
528,"@AmericanAir I understand a bit of a wait, but I called at 6:23 pm and didn't get a call back until just after 11:00 pm, that's not cool"
529,@AmericanAir is flight 1318 Cancelled Flighted or not? No word from the ground staff.
530,"‚Äú@AmericanAir: @mwangbickler We apologize for your frustrations, Michael. Have you been rebooked?‚Äù -got call back after 10 hours. Bad."
531,"@AmericanAir called last night, after 10hrs got call back, can I get a one day pass to admirals club? I'm going to be spending 7hrs in DFW"
532,@AmericanAir trying to talk 2 customer service to add lap child and can't get a hold of anybody. I need help!!!!!
533,"@AmericanAir @Active_Aly thx. We have already been on the iberia website, and seat reservation is unavailable. Hopefully we can call them."
534,@AmericanAir this merger with @USAirways @usairwis a cluster of inefficiency and misinformation.  When is it going to be done?
535,@AmericanAir wow. Flight crew shows up :15 mins before the flight. No catering for AA3390. Nice. Why to treat your customers.
536,@AmericanAir.If I miss saying goodbye to my friend cause of your crappy service I swear you will never hear the end of it.#AmericanAirlines
537,@AmericanAir that is absolutely false stmt.  You have a comedy of errors incl no catering etc #GetYourActTogether
538,@AmericanAir. It's been 5 hours and still no call and now we are back to being hung up on by an automated system.  #AmericanAirlines
539,"@AmericanAir Last thing I want to deal w/ before 8 on a Mon! I've already waited the suggested wait time, so I hope I get a call back ASAP."
540,@AmericanAir I remained on hold for 2 hrs to resolve my flight schedule &amp; your system hung up on me. #unhappycustomer
541,@AmericanAir. For two days now I have been trying to reach #AmericanAirlines customer service to change my flight.
542,"@AmericanAir way to ruin a vacation, my brother has called all night and had multiple places in line only to get dead air on call back"
543,"@AmericanAir husband &amp; I complain about same flight. He gets voucher, I get nothing. Because he flew biz!? Who do I email about this?"
544,@AmericanAir you're running 5+ hours behind replying to anyone via Twitter. this is beyond unacceptable. I'm running out of time!
545,@AmericanAir Have been trying to reach American Airlines since last evening to Cancelled Flight flights. WORST CUSTOMER SERVICE EVER! What now???
546,@AmericanAir #worstcustservice you should have contingency plans for extra workers during bad weather. 4+ hours hold #ridiculous
547,@AmericanAir Please stop changing my flights for Spring Break. This is the 5th time!
548,@AmericanAir your customer service is inferior to that of a nationalized third world nation's airline. Get it together.
549,@AmericanAir interested in possibly changing my flight to another day...need to see if there are any fees but your number is busy
550,"@AmericanAir waited in the airport for two days to get home, not weather reLate Flightd. Dealt with horrible customer service. Finally switched to"
551,@AmericanAir @Cowboycerrone You apologise for HIS frustrations &amp; HIS disappointment but NOT your terrible service? #BlameShiftOverload
552,@AmericanAir FINALLY called me back... BUT HASN'T SPOKEN TO ME.  Like the worst prank call EVER!!
553,@AmericanAir it doesn't allow me to hold. That's the problem.
554,@AmericanAir Please REPLY!  How do you mess up my rebook TWICE???
555,"@AmericanAir I've been on hold for 4 hrs, no call bk either. Family of 4 trying to get from HDN to DFW flight 1418 direct. Need new info plz"
556,"@AmericanAir To think that I'm a ""Priority Member""! Wonder how you treat the plebes. I know which rewards card I'm Cancelled Flightling immediately."
557,@AmericanAir this has happens so many times. It's just upsetting to see how poorly an airline treats their customers
558,@AmericanAir overall lack of attention or foresight when managing flights.
559,@AmericanAir I've been on hold ANOTHER hour and still nothing. My Cancelled Flighted flight was supposed to be six hours from now. #Stranded
560,@AmericanAir have been waiting over THREE hours to talk to someone to rebook a flight due to weather. does call back service actually work??
561,@AmericanAir the service received by both of us was rude and well below my expectations of your airline. That is what's most frustrating
562,"@AmericanAir Thanks, she did her best. Staying the night in Dallas, new trial to Detroit via Atlanta tomorrow, assuming no Cancelled Flightlations."
563,@AmericanAir your customer service is a disgrace.
564,"@AmericanAir our ft 1261 TUS/DFW (w/cx to LGA) tomorrow Cancelled Flighted,  4 hrs so far waiting for call back. What should we do? Need to get to nyc"
565,@AmericanAir I'm home &amp; only 9hr Late Flight.  No thanks to your service centre - their plan involved 4 flight legs all across NA and 2 full days..
566,"@AmericanAir By ""answering as fast as they can"", you mean hanging up on every call?"
567,@AmericanAir it's been 2 hrs of wait on the phone a) worst customer services b) trying to know where my suitcase Is and way MORE üò§#ANGRY
568,@AmericanAir you can't change my flights and not have enough operators to handle calls.... #unacceptable #AmericanAirlines
569,@AmericanAir how nice it would be if you had helpful flight attendants instead of the rude nasty ones you employ. #WhyAreYouYelling
570,@AmericanAir it's been almost 3 days and it's still frozen. Thanks doll üòòüòë
571,@AmericanAir Thanks for your canned response that makes it look like you care about your customers. I'm sure all Twitter users fall for it..
572,"@AmericanAir is the new @SpiritAirlines, and both are worse than taking the @GreyhoundBus #americanairlines #nocustomerservice #fail"
573,"@AmericanAir and even worse, by the time you responded to my tweets I took two flights over five hours. And that was the quickest response!"
574,@AmericanAir My ex-boyfriend picks up my calls more than you do! #Cancelled Flightedflight #nocustomerservice #americanairlines #FAIL
575,"@AmericanAir and it gets better...other passengers rebooked direct on other airlines. #whereisthelove 
#whybeAAFF?"
576,@AmericanAir why do I have to wait for 2 hours to talk to someone when you changed my flight?
577,@americanair Any hints to get through to and stay connected with you to rearrange weather reLate Flightd Cancelled Flights? Hours in now w/nothing.
578,@AmericanAir no you're not you're trying to book me PAST when i need 2 arrive but you're still selling seats on the day I'm trying 2 travel
579,@AmericanAir you guys should really improve the service experience with your on site personnel. This has been one of the worst experiences.
580,@AmericanAir pathetic service
581,@AmericanAir I know you can't control weather but you can control how you treat customers..#shafted
582,"@AmericanAir we've been on hold for over 4 hrs, you Cancelled Flighted flt 2222 phl-dfw. Need assistance!!!"
583,@AmericanAir dropping the ball. Again. No catering. Plane switch. No gate attendant. 2 hours Late Flight. Really nice.
584,"@vanessaannz seriously, you hate @AmericanAir since they can't accommodate you due to inclemental  weather disruptions? lol, very funny"
585,@AmericanAir won't answer the reservation line!  Nice service.  We may be stuck...
586,@AmericanAir It's not your agents; it's your voice activated system that's not working right. And no email on Cancelled Flightlation. Lots of problems
587,"@AmericanAir I was on flt 2222 tomorrow, they moved me to 750. I need it moved to Tuesday. the roads won't be better for flight 750. thanks"
588,@AmericanAir none of your sample itineraries can actually be booked http://t.co/mF7rABGn8a Every last leg back to US says invalid
589,"@AmericanAir @MO3TVida just so you know, reservations team has a 2+ hr callback time"
590,@AmericanAir absolute terrible service to schedule a 40 minute layover and then not let someone on the plane with the door not closed.
591,"@AmericanAir on hold for 3 hours...got an agent, immediately txfd me to change cncdld flight...told it would be 1 min, 80 min Late Flightr, waiting"
592,@AmericanAir I spent $600 on my flight. Could have gone on @united for $382 but their mileage program sucks.
593,@AmericanAir never got an update and we had the worst communication from u. Our flight delay was mechanical and not a word. #poorservice
594,@AmericanAir VERY upset that I cannot select seats for Tuesday flight online or over the phone. Terrible customer service :( Please help!
595,"@AmericanAir @praywinn between understaffing, what looks like a labor slowdown, weather, incompetence, and disregard for the customer..."
596,@AmericanAir how can you not be taking calls? I need to change my flight!
597,"@AmericanAir Yes, it says my reservation cannot be retrieved at this time. Also I never got an email from AA saying my flight was Cancelled Flightled."
598,"@AmericanAir Been trying to call all day, get hung up on every time. Your guys are horrible!"
599,Is rudeness and poor customers service a job requirement at @AmericanAir ? Been waiting 28hrs and still haven't even seen one planeüò°
600,@AmericanAir You have the worst customer service of any airlines I've ever encountered. Flat out awful
601,"@AmericanAir @ezemanalyst why don't you tweet canned, impersonal responses as though this is the only impatient customer you've got"
602,@AmericanAir this is awful customer service.
603,@AmericanAir @sarahzou translation: we don't reinvest our mammoth profits into the customer service experience. 'Cause we don't care.
604,@AmericanAir OMG ANSWER YOUR PHONE I HAVE BEEN ON HOLD FOR 1.5 hours. Cancelled FlightED FLIGHTS SUCK
605,@AmericanAir I have a Cancelled Flighted flight tomorrow morning and the 800 number did nothing! Please! I just want to go home!
606,@AmericanAir I tried several times to select seats. The only ones ever available would've cost me $30 extra per seat.
607,@AmericanAir Trying to rebook a flight with you because of Cancelled Flightlation is a nightmare.  I was hung up on once. Can you help me rebook?
608,@AmericanAir you know nothing about customer service and I'll make sure everyone knows it
609,@AmericanAir tomorrows flight Cancelled Flighted. I understand. Three hour wait for a call back and now 60 minutes on hold. Not cool.
610,@AmericanAir Why does your iPhone app not have any sort of notifications option?
611,@AmericanAir ah if only we could get through. We've tried for over 2 hrs. Can we call @united?
612,@AmericanAir this is ridiculous! You all really have terrible customer service and a lack of urgency. Im convinced.
613,@AmericanAir understand the weather but would be nice to hear an apology on the phone when you moved my flight to an inconvenient day
614,@AmericanAir absolutely worse cust. Svc ever experienced in 25 yrs of flying.  Supvrs at iah extremely rude. #poorservice #travel
615,@AmericanAir I have been trying to get through to someone about my Cancelled Flightled flight tomorrow for over 4 hours.
616,@AmericanAir we did for the last 8 hours.  Your customer service is horrendous.  I should have flown Delta
617,"@AmericanAir I've got a BA flight as your airport couldn't accommodate us. We were left without any info. No vouchers for food,nothing."
618,.@AmericanAir ReFlight Booking Problems for the following day is unacceptable. DMing you that and our phone number.
619,@AmericanAir Your gate attendants in ABQ are awful as was your service. You should be ashamed. Terrible experience here from start to finish
620,"@AmericanAir @sa_craig no gate agent, and only 3 PA updates for 3 hours, hinted at abandonment. horrible experience for all passengers."
621,"@AmericanAir I've been trying to call to cxl a reservation for tomorrow, due to needing surgery this week - cannot get through?"
622,@AmericanAir they could be seen if your horrible customer service group would actually update the information! Never fly American again!
623,@AmericanAir no one met flight 1081 to LAX to tell passengers where to go or what flights they were rebooked on #badmgmt #AmericanAirlines
624,@AmericanAir why don't you have driver service to get employees to work in bad weather like hospitals etc #badmgmt #AmericanAirlines
625,@AmericanAir the fact that that rule makes it poor customer service. I can Cancelled Flight/change on @SouthwestAir with no penalty or hoops.
626,@AmericanAir a phone call or email when you Cancelled Flight a flight would be lovely.
627,@AmericanAir flight 1081 from IAD to LAX sat for more than 3hrs because ground crew couldn't drive in snow #badmgmt #AmericanAirlines
628,@AmericanAir @dotnetnate Two hour wait for EXPs as I sit on a JFK PHX flight because US computers are down. Any shot at an LAX flight?
629,"@AmericanAir yes, and rebooked incorrectly."
630,"@AmericanAir fair enough. But they could have at least told us. Once again it's the lack of communication. Delays happen, just tell me"
631,"@AmericanAir while I'm sensitive to this fact, I don't believe that warrants poor service. A little help &amp; compassion goes a long way."
632,@AmericanAir 250 I'm not sure if I'm rebooked now. In a line at airport trying to work it out. The earlier I can get to SFO the better:(
633,@AmericanAir that's if it is ever complete and if i can ever get through customer service #theydontanswer
634,@AmericanAir @SentieriMelinda Any updates? It shouldn't take hours for assistance. I love @SouthwestAir
635,@AmericanAir I've flown you many years without a complaint. You should start listening to your customers.  You went from first to worst
636,@AmericanAir Cancelled Flightled 2 of my flights for maintenance. Customer service desk is empty... Can I get a hotel at least? http://t.co/ypbkCiRBXu
637,"@AmericanAir why do #exp members have to wait ""over 2 hours"" to speak with an operator? Surely this is a mistake?"
638,@AmericanAir she should not only get a refund but also an apology for the deplorable service.
639,@AmericanAir there's a direct from Miami w a seat but u rebooked niece Tuesday. Can't get through on phones? #customerservicefail
640,@AmericanAir first my sister had ZERO food in her cross country flight with no type of warning or voucher
641,@AmericanAir @NY_NJairports Do you guys teach poor customer service or is it just part of an american dream?
642,@AmericanAir @dfwairport  Have been trying to get canx flight resched since noon.  got 2 call backs but call disconnects as soon as I answer
643,@AmericanAir LGA 2 Nashville Cancelled Flightled phone center no help. Fabulous staff at gate D4 helped-2 young men handled crowd well.
644,@AmericanAir no response to DM or email yet.  customer service?
645,@AmericanAir understand waiting 2+ hours for callback on the exec plat line but when call dropped the agent could at least try again
646,@AmericanAir that's not what I asked :)) I'm looking to change a Flight Booking Problems for 03.03. Can you help
647,@AmericanAir your service is horrible. I can't get a straight answer from your ground agents.
648,@AmericanAir Rebooked for tomorrow morning. Never been here - not sure what I can see before tomorrow morning!
649,@AmericanAir called executive platinum desk and got a TWO HOUR call back time... 2.5 hrs Late Flightr still no call and still stuck in Chicago
650,"@AmericanAir no one received text alerts, automated calls, anything either. Literally no information as to what was happening."
651,@AmericanAir been rebooked for tomorrow. You failed to put me on DL flight today despite my asking and available seat. DL still available
652,@AmericanAir I got rebooked on on us airways by you guys but the flight I got won't work. Any help would be appreciated.
653,"@AmericanAir, I've been booked on the wrong flight! And now PE desk has a wait of more than 2 hours?!"
654,@AmericanAir not sure why I would bother when the agent at the airport didnt help &amp; nobody on phone would. Ticket Cancelled Flightled for no reason.
655,@AmericanAir HELP NEEDED ! #complaint ticketed passenger with no available seats scheduled to leave Late Flightr today
656,"@AmericanAir @GolfWithWoody Don't buy it, Woody. They're making it MUCH worse with understaffing, rudeness, and pre-rookie mistakes"
657,"‚Äú@AmericanAir: @RussellsWriting Russ, please contact Reservations at 800-433-7300 for reFlight Booking Problems options.‚Äù Good luck with that!"
658,"@AmericanAir Changed flight from BNA to 2/20 ahead of weather. Slammed me with cost diff because ""no weather advisory.""Really!"
659,@AmericanAir The bad weather wasn't a surprise! You should have double/triple staff on hand to handle calls. Way to treat your customers.
660,"@AmericanAir first the pilot, then the catering..."
661,@AmericanAir I would like a refund for this flight. They delayed the flight 5 times. I feel like you're making fun of us.
662,@AmericanAir flight was 2488 out of EWR STOP AT DALLAS THEN TO LA. I need to be in la tonight!
663,@AmericanAir hey! Tried calling customer service and was told there's a 2 hour wait. This has been for the past 4 hours. Thanks! You suck!
664,@AmericanAir but have been yet to receive assistance from one of your agents in securing a new connection. Many will now miss work tomorrow.
665,@AmericanAir @cheerUPDATES So you're saying the call center is understaffed?
666,@AmericanAir I wasn't important this morning when you would not seat my wife and I together or allow me to choose seats at Flight Booking Problems!!
667,@AmericanAir. You neglected to mention the $200 fee per ticket.  I had a medical reason and still have had to jump thru hoops.
668,@AmericanAir missing a full days of work thanks guys
669,@AmericanAir Flight Cancelled Flighted and rebooked but agent made a mistake and booked wrong date! Been trying to get through via phone for hours!!
670,"@AmericanAir @russelneiss No, American. This is simple. How about YOU call HER back with the info for her new flight. Basic customer service"
671,"@AmericanAir @sweetmel If weather is bad, wouldn't your folks try extra hard to communicate...or load bags onto flight 1320...or...anything?"
672,"@AmericanAir @tennetexan Too bad there's only, like, 3 people on that team, then. Because this is next level unreal."
673,"@AmericanAir @marxsterbcow How is this a real life response to a customer service issue? Seriously. Keep trying to call us. Eh, might work."
674,@AmericanAir @ActingOutMgmnt Just make sure they remember to load the bags onto the plane. They Cancelled Flight the flight when they forget...
675,@AmericanAir weather is unavoidable. Understaffing is controllable
676,@AmericanAir @yvonneokaka When do I get my personal response and apology for your crew's having forgotten to load baggage onto my flight?
677,@AmericanAir I really hope it departs. They said is because the catering service wasnt available but we can see it next to plane doing nthin
678,@AmericanAir I understand weather is not your fault but ur cs reps are atrocious. I am NOT happy nor will I EVR fly w/ u again.
679,@AmericanAir You didn't respond to my DM. You tweeted the same canned tweet you're telling everyone else.
680,@AmericanAir I have never on all my trips on any airline ever nat'l or int'l ever experienced anything like this!
681,"@AmericanAir seems like queue times are very high, in Q waiting for an agent 4 almost  an hour.Flight got Cancelled Flightled. http://t.co/sDm2wvR3zr"
682,@AmericanAir trying to book a flight on hold- can't get through to a representative on the phone- Advice?
683,"@AmericanAir I used the ""call back"" feature with an operator regarding my flight, got a call 2 hours Late Flightr and got hung up on. #pleasehelp"
684,"@AmericanAir I've been on hold for 55 mins about my Cancelled Flighted international flight. Am out of country, so can't leave a call back #. Help?"
685,@AmericanAir How do I change my flight if the phone system keeps telling me that the representatives are busy?
686,@AmericanAir leaving over 20 minutes Late Flight. No warnings or communication until we were 15 minutes Late Flight. That's called shitty customer svc
687,"@AmericanAir you have my money, you change my flight, and don't answer your phones! Any other suggestions so I can make my commitment??"
